mid,category,acte,f,v,i,date,time
1,display,0.577,49.59,212.8,0.009,2014-04-02,09:52:31
1,display,0.777,49.57,213.1,0.011,2014-04-02,10:02:25
1,display,0.877,49.58,212.5,0.009,2014-04-02,10:12:19
1,display,1.077,49.59,212.2,0.011,2014-04-02,10:22:14
1,display,1.177,49.6,212.8,0.011,2014-04-02,10:32:08
1,display,4.477,49.59,212.5,0.123,2014-04-02,10:42:03
1,display,8.377,49.58,210.8,0.119,2014-04-02,10:51:57
1,display,12.277,49.59,211.7,0.117,2014-04-02,11:01:52
1,display,16.077,49.6,211.7,0.117,2014-04-02,11:11:47
1,display,19.877,49.59,211.9,0.117,2014-04-02,11:21:41
1,display,23.577,49.59,210.8,0.115,2014-04-02,11:31:35
1,display,27.377,49.59,211.1,0.117,2014-04-02,11:41:30
1,display,31.177,49.59,211.1,0.117,2014-04-02,11:51:25
1,display,34.877,49.58,211.1,0.115,2014-04-02,12:01:20
1,display,38.677,49.6,210.8,0.117,2014-04-02,12:11:14
1,display,42.377,49.59,210.2,0.119,2014-04-02,12:21:09
1,display,46.077,49.6,210.8,0.113,2014-04-02,12:31:04
1,display,49.877,49.6,211.4,0.115,2014-04-02,12:40:58
1,display,53.677,49.61,211.7,0.113,2014-04-02,12:50:53
1,display,57.377,49.58,210.2,0.117,2014-04-02,13:00:48
1,display,61.177,49.6,211.1,0.115,2014-04-02,13:10:43
1,display,62.177,49.6,211.9,0.011,2014-04-02,13:20:38
1,display,62.277,49.6,211.4,0.011,2014-04-02,13:30:33
1,display,62.377,49.59,211.9,0.011,2014-04-02,13:40:27
1,display,62.577,49.59,212.5,0.011,2014-04-02,13:50:22
1,display,62.677,49.58,211.7,0.009,2014-04-02,14:00:17
1,display,62.877,49.59,211.7,0.011,2014-04-02,14:10:11
1,display,62.977,49.59,211.4,0.011,2014-04-02,14:20:06
1,display,63.177,49.61,211.9,0.013,2014-04-02,14:30:02
1,display,63.277,49.6,211.1,0.009,2014-04-02,14:39:57
1,display,63.377,49.58,211.7,0.011,2014-04-02,14:49:51
1,display,63.577,49.58,211.4,0.011,2014-04-02,14:59:46
1,display,63.677,49.59,211.1,0.011,2014-04-02,15:09:41
1,display,63.877,49.59,210.8,0.011,2014-04-02,15:19:35
1,display,63.977,49.6,211.1,0.011,2014-04-02,15:29:30
1,display,64.177,49.59,211.4,0.011,2014-04-02,15:39:25
1,display,64.277,49.59,211.9,0.009,2014-04-02,15:49:20
1,display,64.377,49.58,212.2,0.011,2014-04-02,15:59:14
1,display,64.577,49.6,211.7,0.011,2014-04-02,16:09:09
1,display,64.677,49.58,211.7,0.011,2014-04-02,16:19:03
1,display,64.877,49.59,211.9,0.011,2014-04-02,16:28:59
1,display,64.977,49.59,211.9,0.011,2014-04-02,16:38:53
1,display,65.177,49.58,211.7,0.009,2014-04-02,16:48:48
1,display,65.277,49.59,211.4,0.011,2014-04-02,16:58:43
1,display,65.477,49.59,211.4,0.011,2014-04-02,17:08:37
1,display,65.577,49.59,211.7,0.011,2014-04-02,17:18:32
1,display,65.677,49.59,213.1,0.011,2014-04-02,17:28:27
1,display,65.877,49.6,212.2,0.011,2014-04-02,17:38:21
1,display,65.977,49.58,212.5,0.011,2014-04-02,17:48:16
1,display,66.177,49.59,212.8,0.009,2014-04-02,17:58:11
1,display,66.277,49.6,213.9,0.013,2014-04-02,18:08:06
1,display,66.477,49.59,213.3,0.013,2014-04-02,18:18:00
1,display,66.577,49.6,213.9,0.011,2014-04-02,18:27:55
1,display,66.777,49.58,214.2,0.011,2014-04-02,18:37:50
1,display,66.877,49.59,214.5,0.011,2014-04-02,18:47:46
1,display,67.077,49.59,213.6,0.011,2014-04-02,18:57:40
1,display,67.177,49.58,213.3,0.011,2014-04-02,19:07:35
1,display,67.377,49.58,213.6,0.011,2014-04-02,19:17:30
1,display,67.477,49.6,214.2,0.011,2014-04-02,19:27:24
1,display,67.677,49.6,214.8,0.013,2014-04-02,19:37:19
1,display,67.777,49.6,214.2,0.011,2014-04-02,19:47:14
1,display,67.977,49.6,213.6,0.013,2014-04-02,19:57:09
1,display,68.077,49.6,213.9,0.013,2014-04-02,20:07:03
1,display,68.177,49.59,214.5,0.011,2014-04-02,20:16:59
1,display,68.377,49.59,214.5,0.011,2014-04-02,20:26:54
1,display,68.477,49.58,215,0.013,2014-04-02,20:36:48
1,display,68.677,49.59,213.9,0.011,2014-04-02,20:46:43
1,display,68.777,49.6,213.6,0.011,2014-04-02,20:56:38
1,display,68.977,49.58,213.3,0.011,2014-04-02,21:06:33
1,display,69.077,49.6,213.9,0.009,2014-04-02,21:16:28
1,display,69.277,49.59,214.5,0.013,2014-04-02,21:26:23
1,display,69.377,49.59,214.5,0.011,2014-04-02,21:36:18
1,display,69.577,49.59,214.5,0.011,2014-04-02,21:46:13
1,display,69.677,49.59,215,0.011,2014-04-02,21:56:08
1,display,69.877,49.6,214.2,0.011,2014-04-02,22:06:03
1,display,69.977,49.59,215,0.013,2014-04-02,22:15:57
1,display,70.177,49.58,214.5,0.011,2014-04-02,22:25:53
1,display,70.277,49.58,213.9,0.009,2014-04-02,22:35:47
1,display,70.477,49.58,214.5,0.011,2014-04-02,22:45:42
1,display,70.577,49.59,213.3,0.011,2014-04-02,22:55:37
1,display,70.777,49.6,214.5,0.011,2014-04-02,23:05:32
1,display,70.877,49.6,213.3,0.011,2014-04-02,23:15:26
1,display,71.077,49.6,214.5,0.011,2014-04-02,23:25:22
1,display,71.177,49.58,214.8,0.009,2014-04-02,23:35:16
1,display,71.377,49.58,214.2,0.011,2014-04-02,23:45:11
1,display,71.477,49.59,214.5,0.011,2014-04-02,23:55:06
1,display,71.677,49.58,213.9,0.011,2014-04-03,00:05:01
1,display,71.777,49.58,213.9,0.011,2014-04-03,00:14:56
1,display,71.877,49.58,214.8,0.011,2014-04-03,00:24:51
1,display,72.077,49.59,214.8,0.011,2014-04-03,00:34:46
1,display,72.277,49.59,214.8,0.011,2014-04-03,00:44:41
1,display,72.377,49.6,214.8,0.011,2014-04-03,00:54:36
1,display,72.477,49.59,214.8,0.013,2014-04-03,01:04:30
1,display,72.677,49.59,214.8,0.013,2014-04-03,01:14:25
1,display,72.777,49.59,215,0.011,2014-04-03,01:24:20
1,display,72.977,49.58,213.9,0.013,2014-04-03,01:34:15
1,display,73.077,49.59,215,0.011,2014-04-03,01:44:10
1,display,73.277,49.59,214.2,0.011,2014-04-03,01:54:05
1,display,73.377,49.59,214.8,0.011,2014-04-03,02:04:00
1,display,73.577,49.59,215,0.011,2014-04-03,02:13:55
1,display,73.677,49.6,215,0.013,2014-04-03,02:23:50
1,display,73.877,49.6,214.8,0.011,2014-04-03,02:33:44
1,display,73.977,49.59,213.9,0.011,2014-04-03,02:43:39
1,display,74.177,49.6,215,0.011,2014-04-03,02:53:34
1,display,74.277,49.58,214.8,0.011,2014-04-03,03:03:29
1,display,74.477,49.58,215,0.011,2014-04-03,03:13:24
1,display,74.577,49.6,214.8,0.013,2014-04-03,03:23:19
1,display,74.777,49.59,213.9,0.011,2014-04-03,03:33:14
1,display,74.877,49.58,215,0.013,2014-04-03,03:43:09
1,display,75.077,49.6,213.9,0.011,2014-04-03,03:53:04
1,display,75.177,49.59,213.9,0.013,2014-04-03,04:02:59
1,display,75.377,49.6,213.9,0.011,2014-04-03,04:12:54
1,display,75.477,49.59,213.6,0.013,2014-04-03,04:22:49
1,display,75.677,49.57,214.5,0.011,2014-04-03,04:32:44
1,display,75.777,49.59,213.9,0.011,2014-04-03,04:42:38
1,display,75.977,49.59,214.5,0.011,2014-04-03,04:52:34
1,display,76.077,49.59,214.5,0.011,2014-04-03,05:02:29
1,display,76.277,49.58,213.9,0.011,2014-04-03,05:12:23
1,display,76.377,49.59,213.9,0.011,2014-04-03,05:22:18
1,display,76.577,49.58,214.5,0.011,2014-04-03,05:32:13
1,display,76.677,49.6,214.8,0.011,2014-04-03,05:42:08
1,display,76.877,49.59,214.2,0.011,2014-04-03,05:52:03
1,display,76.977,49.59,213.6,0.011,2014-04-03,06:01:59
1,display,77.177,49.59,214.2,0.011,2014-04-03,06:11:53
1,display,77.277,49.6,215.3,0.013,2014-04-03,06:21:48
1,display,77.477,49.58,213.9,0.011,2014-04-03,06:31:43
1,display,77.577,49.58,213.9,0.011,2014-04-03,06:41:38
1,display,77.777,49.58,214.2,0.011,2014-04-03,06:51:33
1,display,77.877,49.59,215,0.011,2014-04-03,07:01:28
1,display,77.977,49.59,214.2,0.009,2014-04-03,07:11:23
1,display,78.177,49.6,213.9,0.011,2014-04-03,07:21:18
1,display,78.277,49.59,214.2,0.011,2014-04-03,07:31:12
1,display,78.477,49.59,213.9,0.011,2014-04-03,07:41:07
1,display,78.577,49.59,214.8,0.011,2014-04-03,07:51:02
1,display,78.777,49.59,213.9,0.011,2014-04-03,08:00:57
1,display,78.877,49.59,213.9,0.011,2014-04-03,08:10:52
1,display,79.077,49.6,213.6,0.009,2014-04-03,08:20:46
1,display,79.177,49.59,214.5,0.011,2014-04-03,08:30:41
1,display,79.377,49.59,214.2,0.011,2014-04-03,08:40:36
1,display,79.477,49.59,213.9,0.011,2014-04-03,08:50:31
1,display,79.677,49.6,213.6,0.009,2014-04-03,09:00:26
1,display,79.777,49.6,214.2,0.013,2014-04-03,09:10:21
1,display,79.977,49.59,214.2,0.011,2014-04-03,09:20:16
1,display,80.077,49.59,213.3,0.011,2014-04-03,09:30:11
1,display,80.277,49.59,213.9,0.011,2014-04-03,09:40:06
1,display,80.377,49.6,213.9,0.011,2014-04-03,09:50:01
1,display,80.577,49.6,213.1,0.011,2014-04-03,09:59:56
1,display,80.677,49.59,212.8,0.015,2014-04-03,10:09:51
1,display,80.877,49.6,212.8,0.013,2014-04-03,10:19:46
1,display,80.977,49.59,211.9,0.009,2014-04-03,10:29:41
1,display,81.177,49.59,212.5,0.009,2014-04-03,10:39:35
1,display,81.277,49.58,212.2,0.011,2014-04-03,10:49:30
1,display,81.377,49.6,211.7,0.011,2014-04-03,10:59:25
1,display,81.577,49.6,212.5,0.011,2014-04-03,11:09:20
1,display,81.677,49.59,212.2,0.009,2014-04-03,11:19:14
1,display,81.877,49.59,212.2,0.013,2014-04-03,11:29:09
1,display,81.977,49.58,212.2,0.013,2014-04-03,11:39:04
1,display,82.177,49.58,211.7,0.011,2014-04-03,11:48:59
1,display,82.277,49.6,213.1,0.011,2014-04-03,11:58:54
1,display,82.477,49.59,212.8,0.011,2014-04-03,12:08:49
1,display,82.577,49.59,212.5,0.011,2014-04-03,12:18:43
1,display,82.677,49.58,211.7,0.011,2014-04-03,12:28:38
1,display,82.877,49.59,212.2,0.011,2014-04-03,12:38:33
1,display,82.977,49.6,211.4,0.011,2014-04-03,12:48:28
1,display,83.177,49.59,211.9,0.013,2014-04-03,12:58:23
1,display,83.277,49.59,211.7,0.011,2014-04-03,13:08:18
1,display,83.477,49.6,211.4,0.009,2014-04-03,13:18:13
1,display,83.577,49.59,211.4,0.011,2014-04-03,13:28:07
1,display,83.677,49.58,212.2,0.011,2014-04-03,13:38:02
1,display,83.877,49.59,213.1,0.011,2014-04-03,13:47:57
1,display,83.977,49.59,212.2,0.011,2014-04-03,13:57:52
1,display,84.177,49.6,211.9,0.011,2014-04-03,14:07:47
1,display,84.277,49.19,219.8,0.022,2014-04-03,14:17:42
1,display,84.477,49.58,212.8,0.011,2014-04-03,14:27:37
1,display,84.577,49.59,212.8,0.009,2014-04-03,14:37:32
1,display,84.777,49.58,211.4,0.011,2014-04-03,14:47:27
1,display,84.877,49.6,211.7,0.011,2014-04-03,14:57:22
1,display,84.977,49.59,211.1,0.009,2014-04-03,15:07:16
1,display,85.177,49.58,211.4,0.011,2014-04-03,15:17:12
1,display,85.277,49.59,211.4,0.011,2014-04-03,15:27:07
1,display,85.477,49.6,211.7,0.009,2014-04-03,15:37:01
1,display,85.577,49.58,210.8,0.009,2014-04-03,15:46:56
1,display,85.777,49.6,211.9,0.011,2014-04-03,15:56:50
1,display,85.877,49.59,212.2,0.011,2014-04-03,16:06:45
1,display,85.977,49.58,211.7,0.011,2014-04-03,16:16:40
1,display,86.177,49.57,212.2,0.011,2014-04-03,16:26:34
1,display,86.277,49.57,211.7,0.011,2014-04-03,16:36:29
1,display,86.477,49.59,212.5,0.011,2014-04-03,16:46:24
1,display,86.577,49.6,211.9,0.011,2014-04-03,16:56:19
1,display,86.777,49.6,212.2,0.011,2014-04-03,17:06:13
1,display,86.877,49.59,212.2,0.011,2014-04-03,17:16:08
1,display,87.077,49.59,211.9,0.011,2014-04-03,17:26:04
1,display,87.177,49.59,212.2,0.011,2014-04-03,17:35:59
1,display,87.377,49.6,212.5,0.011,2014-04-03,17:45:53
1,display,87.477,49.59,213.1,0.011,2014-04-03,17:55:48
1,display,87.577,49.59,213.1,0.011,2014-04-03,18:05:43
1,display,87.777,49.58,212.2,0.011,2014-04-03,18:15:37
1,display,87.877,49.6,212.8,0.009,2014-04-03,18:25:32
1,display,88.077,49.6,213.9,0.011,2014-04-03,18:35:27
1,display,88.177,49.59,213.3,0.011,2014-04-03,18:45:22
1,display,88.377,49.59,213.9,0.011,2014-04-03,18:55:17
1,display,88.477,49.57,212.8,0.011,2014-04-03,19:05:12
1,display,88.677,49.59,212.5,0.011,2014-04-03,19:15:06
1,display,88.777,49.59,212.8,0.011,2014-04-03,19:25:02
1,display,88.977,49.59,213.3,0.011,2014-04-03,19:34:56
1,display,89.077,49.59,212.8,0.011,2014-04-03,19:44:51
1,display,89.277,49.58,213.1,0.011,2014-04-03,19:54:45
1,display,89.377,49.6,213.9,0.009,2014-04-03,20:04:40
1,display,89.577,49.6,213.6,0.011,2014-04-03,20:14:35
1,display,89.677,49.6,213.1,0.013,2014-04-03,20:24:29
1,display,89.877,49.59,212.2,0.013,2014-04-03,20:34:23
1,display,89.977,49.58,213.3,0.011,2014-04-03,20:44:18
1,display,90.077,49.59,213.9,0.011,2014-04-03,20:54:13
1,display,90.277,49.6,213.9,0.011,2014-04-03,21:04:07
1,display,90.377,49.59,213.9,0.011,2014-04-03,21:14:02
1,display,90.577,49.6,213.3,0.009,2014-04-03,21:23:56
1,display,90.677,49.59,214.5,0.011,2014-04-03,21:33:51
1,display,90.877,49.59,214.5,0.013,2014-04-03,21:43:46
1,display,90.977,49.58,213.3,0.011,2014-04-03,21:53:40
1,display,91.177,49.6,214.8,0.011,2014-04-03,22:03:35
1,display,91.277,49.6,214.2,0.011,2014-04-03,22:13:29
1,display,91.477,49.6,214.2,0.011,2014-04-03,22:23:24
1,display,91.577,49.58,213.6,0.011,2014-04-03,22:33:19
1,display,91.777,49.59,213.9,0.013,2014-04-03,22:43:13
1,display,91.877,49.58,213.9,0.011,2014-04-03,22:53:08
1,display,92.077,49.6,214.2,0.011,2014-04-03,23:03:03
1,display,92.177,49.6,213.9,0.011,2014-04-03,23:12:58
1,display,92.377,49.58,213.3,0.011,2014-04-03,23:22:53
1,display,92.477,49.59,213.3,0.013,2014-04-03,23:32:47
1,display,92.677,49.59,213.3,0.011,2014-04-03,23:42:42
1,display,92.777,49.59,213.6,0.011,2014-04-03,23:52:37
1,display,92.977,49.58,214.5,0.011,2014-04-04,00:02:32
1,display,93.077,49.59,214.2,0.013,2014-04-04,00:12:26
1,display,93.277,49.58,213.6,0.011,2014-04-04,00:22:21
1,display,93.377,49.59,213.9,0.011,2014-04-04,00:32:16
1,display,93.477,49.6,214.2,0.011,2014-04-04,00:42:11
1,display,93.677,49.58,213.9,0.011,2014-04-04,00:52:06
1,display,93.777,49.59,213.1,0.013,2014-04-04,01:02:01
1,display,93.977,49.59,214.2,0.011,2014-04-04,01:11:56
1,display,94.077,49.59,213.9,0.011,2014-04-04,01:21:51
1,display,94.277,49.6,214.2,0.011,2014-04-04,01:31:46
1,display,94.377,49.58,214.2,0.011,2014-04-04,01:41:40
1,display,94.577,49.58,213.9,0.011,2014-04-04,01:51:35
1,display,94.677,49.6,214.2,0.011,2014-04-04,02:01:31
1,display,94.877,49.59,213.9,0.013,2014-04-04,02:11:26
1,display,94.977,49.59,213.9,0.013,2014-04-04,02:21:22
1,display,95.177,49.59,214.5,0.011,2014-04-04,02:31:17
1,display,95.277,49.6,213.3,0.011,2014-04-04,02:41:13
1,display,95.477,49.59,213.6,0.011,2014-04-04,02:51:08
1,display,95.577,49.59,213.3,0.009,2014-04-04,03:01:04
1,display,95.777,49.58,213.6,0.011,2014-04-04,03:10:59
1,display,95.877,49.58,213.6,0.011,2014-04-04,03:20:54
1,display,96.077,49.59,213.9,0.011,2014-04-04,03:30:50
1,display,96.177,49.59,214.2,0.011,2014-04-04,03:40:45
1,display,96.377,49.6,213.6,0.011,2014-04-04,03:50:41
1,display,96.477,49.59,214.5,0.011,2014-04-04,04:00:37
1,display,96.577,49.58,213.6,0.009,2014-04-04,04:10:32
1,display,96.777,49.58,214.2,0.011,2014-04-04,04:20:27
1,display,96.877,49.59,214.5,0.011,2014-04-04,04:30:23
1,display,97.077,49.58,214.2,0.011,2014-04-04,04:40:18
1,display,97.177,49.58,213.6,0.009,2014-04-04,04:50:13
1,display,97.377,49.59,214.2,0.011,2014-04-04,05:00:08
1,display,97.477,49.6,213.9,0.013,2014-04-04,05:10:03
1,display,97.677,49.59,214.2,0.013,2014-04-04,05:19:59
1,display,97.777,49.59,214.5,0.011,2014-04-04,05:29:54
1,display,97.977,49.59,214.5,0.011,2014-04-04,05:39:49
1,display,98.077,49.6,214.2,0.011,2014-04-04,05:49:44
1,display,98.277,49.59,214.5,0.011,2014-04-04,05:59:39
1,display,98.377,49.59,214.2,0.011,2014-04-04,06:09:34
1,display,98.577,49.59,213.6,0.011,2014-04-04,06:19:29
1,display,98.677,49.6,214.2,0.009,2014-04-04,06:29:25
1,display,98.877,49.6,213.3,0.011,2014-04-04,06:39:20
1,display,98.977,49.59,213.9,0.011,2014-04-04,06:49:15
1,display,99.177,49.6,213.9,0.013,2014-04-04,06:59:10
1,display,99.277,49.59,214.5,0.011,2014-04-04,07:09:05
1,display,99.477,49.59,213.9,0.011,2014-04-04,07:19:00
1,display,99.577,49.6,213.9,0.011,2014-04-04,07:28:55
1,display,99.777,49.6,213.9,0.011,2014-04-04,07:38:50
1,display,99.877,49.6,214.2,0.013,2014-04-04,07:48:45
1,display,100.077,49.59,213.9,0.011,2014-04-04,07:58:41
1,display,100.177,49.59,213.9,0.013,2014-04-04,08:08:36
1,display,100.377,49.6,213.3,0.013,2014-04-04,08:18:31
1,display,100.477,49.59,213.9,0.011,2014-04-04,08:28:27
1,display,100.677,49.6,213.6,0.011,2014-04-04,08:38:22
1,display,100.777,49.59,213.9,0.013,2014-04-04,08:48:17
1,display,100.877,49.59,213.3,0.011,2014-04-04,08:58:13
1,display,101.077,49.59,213.6,0.011,2014-04-04,09:08:08
1,display,101.177,49.58,213.6,0.013,2014-04-04,09:18:03
1,display,101.377,49.59,213.9,0.011,2014-04-04,09:27:59
1,display,101.477,49.6,213.6,0.011,2014-04-04,09:37:54
1,display,101.677,49.59,213.9,0.011,2014-04-04,09:47:49
1,display,101.777,49.59,213.6,0.011,2014-04-04,09:57:44
1,display,101.977,49.59,214.5,0.011,2014-04-04,10:07:39
1,display,102.077,49.58,214.2,0.011,2014-04-04,10:17:34
1,display,102.277,49.58,213.1,0.011,2014-04-04,10:27:29
1,display,102.377,49.6,212.8,0.009,2014-04-04,10:37:25
1,display,102.577,49.59,213.3,0.009,2014-04-04,10:47:20
1,display,102.677,49.6,213.3,0.013,2014-04-04,10:57:14
1,display,102.877,49.6,212.2,0.013,2014-04-04,11:07:09
1,display,102.977,49.6,211.9,0.009,2014-04-04,11:17:04
1,display,103.177,49.59,211.7,0.011,2014-04-04,11:26:59
1,display,105.177,49.59,210.8,0.128,2014-04-04,11:36:54
1,display,109.077,49.58,212.2,0.119,2014-04-04,11:46:49
1,display,112.977,49.58,210.8,0.119,2014-04-04,11:56:45
1,display,116.877,49.58,210.8,0.117,2014-04-04,12:06:40
1,display,120.177,49.6,209.7,0.123,2014-04-04,12:16:35
1,display,122.377,49.59,210.8,0.011,2014-04-04,12:26:30
1,display,122.477,49.59,210.2,0.009,2014-04-04,12:36:26
1,display,122.677,49.59,211.1,0.009,2014-04-04,12:46:21
1,display,122.777,49.59,211.7,0.013,2014-04-04,12:56:16
1,display,122.977,49.58,211.7,0.009,2014-04-04,13:06:11
1,display,123.077,49.58,212.5,0.009,2014-04-04,13:16:06
1,display,123.277,49.59,211.7,0.009,2014-04-04,13:26:01
1,display,123.377,49.6,212.5,0.013,2014-04-04,13:35:56
1,display,123.477,49.58,212.2,0.009,2014-04-04,13:45:51
1,display,123.677,49.59,212.5,0.009,2014-04-04,13:55:46
1,display,123.777,49.58,211.7,0.011,2014-04-04,14:05:42
1,display,123.977,49.6,212.2,0.011,2014-04-04,14:15:37
1,display,124.077,49.6,212.5,0.011,2014-04-04,14:25:32
1,display,124.277,49.58,212.2,0.011,2014-04-04,14:35:27
1,display,124.377,49.59,211.9,0.009,2014-04-04,14:45:22
1,display,124.577,49.61,212.2,0.011,2014-04-04,14:55:17
1,display,124.677,49.58,212.2,0.009,2014-04-04,15:05:12
1,display,124.777,49.57,211.4,0.011,2014-04-04,15:15:07
1,display,124.977,49.59,210.8,0.011,2014-04-04,15:25:02
1,display,125.077,49.58,210.8,0.009,2014-04-04,15:34:58
1,display,125.277,49.57,211.4,0.011,2014-04-04,15:44:53
1,display,125.377,49.59,210.8,0.011,2014-04-04,15:54:48
1,display,125.477,49.58,210.8,0.011,2014-04-04,16:04:43
1,display,125.677,49.59,211.4,0.013,2014-04-04,16:14:38
1,display,125.777,49.59,211.1,0.009,2014-04-04,16:24:33
1,display,125.977,49.59,211.9,0.009,2014-04-04,16:34:28
1,display,126.077,49.59,212.2,0.009,2014-04-04,16:44:23
1,display,128.377,49.6,210.8,0.125,2014-04-04,16:54:18
1,display,132.277,49.59,211.4,0.121,2014-04-04,17:04:13
1,display,136.177,49.59,210,0.117,2014-04-04,17:14:08
1,display,139.977,49.58,210.5,0.117,2014-04-04,17:24:03
1,display,143.777,49.6,210,0.117,2014-04-04,17:33:58
1,display,145.277,49.58,211.9,0.011,2014-04-04,17:43:53
1,display,145.377,49.58,212.5,0.011,2014-04-04,17:53:48
1,display,145.577,49.58,211.9,0.011,2014-04-04,18:03:42
1,display,145.677,49.58,212.8,0.013,2014-04-04,18:13:36
1,display,145.877,49.57,213.1,0.011,2014-04-04,18:23:30
1,display,145.977,49.6,213.1,0.011,2014-04-04,18:33:25
1,display,146.177,49.59,213.3,0.009,2014-04-04,18:43:19
1,display,146.277,49.6,213.6,0.011,2014-04-04,18:53:14
1,display,146.377,49.59,213.1,0.011,2014-04-04,19:03:08
1,display,146.577,49.58,213.6,0.011,2014-04-04,19:13:02
1,display,146.677,49.59,213.1,0.011,2014-04-04,19:22:56
1,display,146.877,49.59,214.2,0.013,2014-04-04,19:32:51
1,display,146.977,49.6,213.9,0.011,2014-04-04,19:42:46
1,display,147.177,49.59,213.3,0.011,2014-04-04,19:52:40
1,display,147.277,49.6,213.3,0.011,2014-04-04,20:02:34
1,display,147.477,49.59,213.6,0.011,2014-04-04,20:12:28
1,display,147.577,49.59,212.8,0.011,2014-04-04,20:22:22
1,display,147.777,49.59,213.1,0.013,2014-04-04,20:32:16
1,display,147.877,49.6,212.8,0.011,2014-04-04,20:42:10
1,display,148.077,49.59,212.2,0.011,2014-04-04,20:52:05
1,display,148.177,49.59,213.3,0.011,2014-04-04,21:01:59
1,display,148.377,49.57,214.5,0.013,2014-04-04,21:11:52
1,display,148.477,49.59,212.8,0.009,2014-04-04,21:21:46
1,display,148.577,49.58,212.2,0.011,2014-04-04,21:31:40
1,display,148.777,49.58,212.8,0.009,2014-04-04,21:41:35
1,display,148.877,49.58,213.1,0.011,2014-04-04,21:51:29
1,display,149.077,49.58,213.3,0.011,2014-04-04,22:01:23
1,display,149.177,49.58,212.8,0.011,2014-04-04,22:11:17
1,display,149.377,49.6,213.1,0.011,2014-04-04,22:21:11
1,display,149.477,49.59,212.8,0.011,2014-04-04,22:31:05
1,display,149.677,49.59,213.1,0.011,2014-04-04,22:40:59
1,display,149.777,49.58,213.1,0.011,2014-04-04,22:50:54
1,display,149.977,49.59,213.1,0.011,2014-04-04,23:00:48
1,display,150.077,49.6,213.3,0.011,2014-04-04,23:10:42
1,display,150.277,49.6,213.3,0.011,2014-04-04,23:20:36
1,display,150.377,49.58,213.3,0.011,2014-04-04,23:30:30
1,display,150.477,49.59,213.1,0.011,2014-04-04,23:40:24
1,display,150.677,49.6,213.6,0.013,2014-04-04,23:50:18
1,display,150.777,49.58,213.3,0.011,2014-04-05,00:00:12
1,display,150.977,49.59,213.1,0.011,2014-04-05,00:10:06
1,display,151.077,49.58,213.1,0.011,2014-04-05,00:20:00
1,display,151.277,49.59,213.1,0.011,2014-04-05,00:29:54
1,display,151.377,49.59,213.1,0.011,2014-04-05,00:39:48
1,display,151.577,49.59,213.6,0.011,2014-04-05,00:49:42
1,display,151.677,49.58,214.2,0.011,2014-04-05,00:59:36
1,display,151.877,49.58,213.9,0.009,2014-04-05,01:09:30
1,display,151.977,49.58,214.5,0.011,2014-04-05,01:19:24
1,display,152.177,49.6,213.9,0.011,2014-04-05,01:29:18
1,display,152.277,49.6,214.2,0.011,2014-04-05,01:39:12
1,display,152.477,49.59,214.5,0.011,2014-04-05,01:49:07
1,display,152.577,49.59,213.6,0.011,2014-04-05,01:59:01
1,display,152.777,49.59,214.5,0.011,2014-04-05,02:08:56
1,display,152.877,49.59,214.2,0.013,2014-04-05,02:18:50
1,display,153.077,49.59,214.5,0.011,2014-04-05,02:28:44
1,display,153.177,49.59,214.2,0.011,2014-04-05,02:38:38
1,display,153.377,49.6,214.5,0.011,2014-04-05,02:48:32
1,display,153.477,49.58,214.5,0.013,2014-04-05,02:58:27
1,display,153.677,49.59,214.2,0.011,2014-04-05,03:08:21
1,display,153.777,49.6,214.8,0.011,2014-04-05,03:18:15
1,display,153.977,49.59,214.2,0.013,2014-04-05,03:28:10
1,display,154.077,49.59,214.2,0.011,2014-04-05,03:38:04
1,display,154.277,49.59,214.2,0.011,2014-04-05,03:47:59
1,display,154.377,49.57,214.5,0.011,2014-04-05,03:57:55
1,display,154.577,49.59,214.5,0.013,2014-04-05,04:07:50
1,display,154.677,49.59,215,0.011,2014-04-05,04:17:46
1,display,154.777,49.59,214.5,0.011,2014-04-05,04:27:41
1,display,154.977,49.59,214.5,0.013,2014-04-05,04:37:36
1,display,155.077,49.6,214.2,0.011,2014-04-05,04:47:31
1,display,155.277,49.59,214.5,0.011,2014-04-05,04:57:26
1,display,155.377,49.59,214.8,0.011,2014-04-05,05:07:22
1,display,155.577,49.6,214.8,0.013,2014-04-05,05:17:17
1,display,155.677,49.58,214.5,0.011,2014-04-05,05:27:12
1,display,155.877,49.6,214.8,0.011,2014-04-05,05:37:07
1,display,155.977,49.6,214.2,0.011,2014-04-05,05:47:02
1,display,156.177,49.58,214.5,0.011,2014-04-05,05:56:58
1,display,156.277,49.59,214.8,0.011,2014-04-05,06:06:53
1,display,156.477,49.59,214.5,0.013,2014-04-05,06:16:48
1,display,156.577,49.59,214.5,0.013,2014-04-05,06:26:43
1,display,156.777,49.59,214.8,0.011,2014-04-05,06:36:38
1,display,156.877,49.6,214.8,0.011,2014-04-05,06:46:33
1,display,157.077,49.59,214.8,0.011,2014-04-05,06:56:29
1,display,157.177,49.59,215,0.013,2014-04-05,07:06:25
1,display,157.377,49.59,214.5,0.013,2014-04-05,07:16:20
1,display,157.477,49.59,214.8,0.011,2014-04-05,07:26:15
1,display,157.677,49.59,214.5,0.011,2014-04-05,07:36:10
1,display,157.777,49.59,214.5,0.011,2014-04-05,07:46:05
1,display,157.977,49.59,214.2,0.011,2014-04-05,07:56:01
1,display,158.077,49.58,214.5,0.013,2014-04-05,08:05:56
1,display,158.277,49.59,214.5,0.011,2014-04-05,08:15:51
1,display,158.377,49.59,213.9,0.009,2014-04-05,08:25:46
1,display,158.577,49.59,214.2,0.011,2014-04-05,08:35:41
1,display,158.677,49.59,213.9,0.011,2014-04-05,08:45:36
1,display,158.877,49.58,213.6,0.011,2014-04-05,08:55:31
1,display,158.977,49.6,214.2,0.011,2014-04-05,09:05:26
1,display,159.177,49.6,214.2,0.013,2014-04-05,09:15:22
1,display,159.277,49.58,214.2,0.013,2014-04-05,09:25:17
1,display,159.477,49.6,213.9,0.011,2014-04-05,09:35:12
1,display,159.577,49.6,214.8,0.013,2014-04-05,09:45:08
1,display,159.777,49.58,213.9,0.011,2014-04-05,09:55:03
1,display,159.877,49.57,213.9,0.009,2014-04-05,10:04:58
1,display,160.077,49.59,213.3,0.011,2014-04-05,10:14:53
1,display,160.177,49.6,213.9,0.011,2014-04-05,10:24:48
1,display,160.377,49.58,213.3,0.013,2014-04-05,10:34:44
1,display,160.477,49.6,213.3,0.011,2014-04-05,10:44:38
1,display,160.577,49.58,213.3,0.011,2014-04-05,10:54:33
1,display,160.777,49.6,213.3,0.015,2014-04-05,11:04:28
1,display,160.877,49.59,213.6,0.013,2014-04-05,11:14:22
1,display,161.077,49.58,212.8,0.009,2014-04-05,11:24:17
1,display,161.177,49.6,212.8,0.011,2014-04-05,11:34:11
1,display,161.377,49.58,211.9,0.009,2014-04-05,11:44:06
1,display,161.477,49.58,211.9,0.009,2014-04-05,11:54:00
1,display,161.677,49.58,212.5,0.011,2014-04-05,12:03:55
1,display,161.777,49.59,212.2,0.009,2014-04-05,12:13:49
1,display,161.977,49.6,211.9,0.011,2014-04-05,12:23:43
1,display,162.077,49.59,211.1,0.009,2014-04-05,12:33:37
1,display,162.177,49.6,212.5,0.011,2014-04-05,12:43:32
1,display,162.377,49.59,212.5,0.011,2014-04-05,12:53:26
1,display,162.477,49.6,212.2,0.011,2014-04-05,13:03:20
1,display,162.677,49.6,212.5,0.011,2014-04-05,13:13:14
1,display,162.777,49.58,212.5,0.011,2014-04-05,13:23:08
1,display,162.977,49.6,212.8,0.009,2014-04-05,13:33:03
1,display,163.077,49.59,212.8,0.009,2014-04-05,13:42:57
1,display,163.277,49.58,212.5,0.011,2014-04-05,13:52:52
1,display,163.377,49.58,212.8,0.011,2014-04-05,14:02:46
1,display,163.577,49.58,211.7,0.011,2014-04-05,14:12:40
1,display,163.677,49.6,212.5,0.011,2014-04-05,14:22:34
1,display,163.777,49.6,213.1,0.011,2014-04-05,14:32:28
1,display,163.977,49.59,212.8,0.011,2014-04-05,14:42:23
1,display,164.077,49.6,213.1,0.011,2014-04-05,14:52:17
1,display,164.277,49.6,212.2,0.011,2014-04-05,15:02:11
1,display,164.377,49.59,211.9,0.009,2014-04-05,15:12:05
1,display,164.577,49.6,211.1,0.011,2014-04-05,15:22:00
1,display,164.677,49.59,211.7,0.011,2014-04-05,15:31:55
1,display,164.877,49.58,211.1,0.011,2014-04-05,15:41:50
1,display,164.977,49.59,211.7,0.009,2014-04-05,15:51:45
1,display,165.077,49.6,211.1,0.011,2014-04-05,16:01:40
1,display,165.277,49.58,211.4,0.009,2014-04-05,16:11:36
1,display,165.377,49.59,211.7,0.009,2014-04-05,16:21:31
1,display,165.577,49.6,212.8,0.011,2014-04-05,16:31:26
1,display,165.677,49.58,212.5,0.009,2014-04-05,16:41:21
1,display,165.877,49.6,213.9,0.011,2014-04-05,16:51:16
1,display,165.977,49.59,212.8,0.011,2014-04-05,17:01:11
1,display,166.177,49.68,215.6,0.013,2014-04-05,17:11:07
1,display,166.277,49.6,213.1,0.011,2014-04-05,17:21:02
1,display,166.477,49.59,213.6,0.009,2014-04-05,17:30:57
1,display,166.577,49.59,213.3,0.013,2014-04-05,17:40:52
1,display,166.777,49.59,213.1,0.009,2014-04-05,17:50:48
1,display,166.877,49.59,213.6,0.011,2014-04-05,18:00:44
1,display,166.977,49.57,213.6,0.013,2014-04-05,18:10:39
1,display,167.177,49.58,213.9,0.011,2014-04-05,18:20:34
1,display,167.277,49.59,212.8,0.011,2014-04-05,18:30:29
1,display,167.477,49.6,213.9,0.013,2014-04-05,18:40:24
1,display,167.577,49.58,213.9,0.011,2014-04-05,18:50:19
1,display,167.777,49.6,213.9,0.011,2014-04-05,19:00:14
1,display,167.877,49.6,214.2,0.011,2014-04-05,19:10:10
1,display,168.077,49.58,213.9,0.011,2014-04-05,19:20:06
1,display,168.177,49.58,213.3,0.011,2014-04-05,19:30:01
1,display,168.377,49.6,213.9,0.011,2014-04-05,19:39:56
1,display,168.477,49.59,215,0.011,2014-04-05,19:49:52
1,display,168.677,49.58,213.3,0.013,2014-04-05,19:59:47
1,display,168.777,49.59,213.3,0.011,2014-04-05,20:09:43
1,display,168.977,49.58,214.2,0.011,2014-04-05,20:19:38
1,display,169.077,49.59,214.5,0.011,2014-04-05,20:29:34
1,display,169.277,49.6,214.2,0.011,2014-04-05,20:39:29
1,display,169.377,49.6,213.9,0.013,2014-04-05,20:49:24
1,display,169.577,49.6,214.5,0.011,2014-04-05,20:59:20
1,display,169.677,49.6,214.5,0.011,2014-04-05,21:09:15
1,display,169.877,49.6,214.5,0.011,2014-04-05,21:19:10
1,display,169.977,49.59,214.5,0.011,2014-04-05,21:29:06
1,display,170.177,49.58,214.8,0.011,2014-04-05,21:39:02
1,display,170.277,49.6,214.2,0.013,2014-04-05,21:48:58
1,display,170.477,49.59,213.9,0.011,2014-04-05,21:58:53
1,display,170.577,49.59,214.2,0.011,2014-04-05,22:08:48
1,display,170.777,49.6,214.8,0.011,2014-04-05,22:18:44
1,display,170.877,49.59,214.5,0.013,2014-04-05,22:28:40
1,display,170.977,49.59,213.9,0.011,2014-04-05,22:38:35
1,display,171.177,49.59,214.2,0.009,2014-04-05,22:48:31
1,display,171.277,49.59,214.5,0.011,2014-04-05,22:58:26
1,display,171.477,49.59,213.9,0.013,2014-04-05,23:08:22
1,display,171.577,49.6,213.6,0.009,2014-04-05,23:18:17
1,display,171.777,49.59,213.9,0.009,2014-04-05,23:28:13
1,display,171.877,49.58,213.6,0.011,2014-04-05,23:38:08
1,display,172.077,49.6,214.5,0.011,2014-04-05,23:48:03
1,display,172.177,49.6,215,0.013,2014-04-05,23:57:59
1,display,172.377,49.59,214.8,0.011,2014-04-06,00:07:54
1,display,172.477,49.59,214.8,0.013,2014-04-06,00:17:50
1,display,172.677,49.59,214.8,0.009,2014-04-06,00:27:45
1,display,172.777,49.59,214.2,0.011,2014-04-06,00:37:41
1,display,172.977,49.59,214.5,0.011,2014-04-06,00:47:37
1,display,173.077,49.59,215,0.009,2014-04-06,00:57:32
1,display,173.277,49.6,214.8,0.011,2014-04-06,01:07:28
1,display,173.377,49.6,214.5,0.013,2014-04-06,01:17:23
1,display,173.577,49.58,214.2,0.011,2014-04-06,01:27:18
1,display,173.677,49.59,214.8,0.009,2014-04-06,01:37:14
1,display,173.877,49.58,214.5,0.011,2014-04-06,01:47:10
1,display,173.977,49.59,214.5,0.011,2014-04-06,01:57:05
1,display,174.177,49.59,214.2,0.009,2014-04-06,02:07:01
1,display,174.277,49.59,215,0.011,2014-04-06,02:16:56
1,display,174.477,49.59,214.8,0.009,2014-04-06,02:26:52
1,display,174.577,49.59,214.5,0.009,2014-04-06,02:36:47
1,display,174.777,49.6,214.5,0.011,2014-04-06,02:46:43
1,display,174.877,49.59,214.5,0.011,2014-04-06,02:56:38
1,display,175.077,49.59,214.8,0.011,2014-04-06,03:06:33
1,display,175.177,49.59,214.8,0.011,2014-04-06,03:16:29
1,display,175.377,49.6,214.5,0.011,2014-04-06,03:26:24
1,display,175.477,49.58,214.5,0.011,2014-04-06,03:36:20
1,display,175.677,49.59,215,0.011,2014-04-06,03:46:15
1,display,175.777,49.59,215,0.011,2014-04-06,03:56:11
1,display,175.977,49.57,214.8,0.011,2014-04-06,04:06:07
1,display,176.077,49.59,214.2,0.011,2014-04-06,04:16:03
1,display,176.277,49.6,214.8,0.009,2014-04-06,04:25:58
1,display,176.377,49.59,214.8,0.011,2014-04-06,04:35:55
1,display,176.577,49.61,213.9,0.011,2014-04-06,04:45:50
1,display,176.677,49.59,214.8,0.011,2014-04-06,04:55:46
1,display,176.877,49.59,214.8,0.013,2014-04-06,05:05:41
1,display,176.977,49.59,215,0.011,2014-04-06,05:15:37
1,display,177.177,49.59,214.8,0.011,2014-04-06,05:25:31
1,display,177.277,49.57,215,0.013,2014-04-06,05:35:26
1,display,177.477,49.6,215,0.011,2014-04-06,05:45:20
1,display,177.577,49.6,214.5,0.011,2014-04-06,05:55:16
1,display,177.777,49.59,214.5,0.009,2014-04-06,06:05:11
1,display,177.877,49.58,214.8,0.011,2014-04-06,06:15:05
1,display,178.077,49.58,214.8,0.011,2014-04-06,06:25:00
1,display,178.177,49.59,215,0.013,2014-04-06,06:34:55
1,display,178.377,49.6,214.5,0.011,2014-04-06,06:44:50
1,display,178.477,49.61,214.8,0.013,2014-04-06,06:54:44
1,display,178.677,49.59,214.8,0.011,2014-04-06,07:04:40
1,display,178.777,49.6,214.8,0.009,2014-04-06,07:14:34
1,display,178.877,49.59,214.2,0.011,2014-04-06,07:24:29
1,display,179.077,49.59,214.5,0.013,2014-04-06,07:34:24
1,display,179.177,49.59,214.8,0.013,2014-04-06,07:44:19
1,display,179.377,49.58,214.8,0.011,2014-04-06,07:54:14
1,display,179.477,49.6,214.5,0.011,2014-04-06,08:04:08
1,display,179.677,49.6,214.5,0.011,2014-04-06,08:14:03
1,display,179.777,49.59,214.5,0.011,2014-04-06,08:23:57
1,display,179.977,49.59,213.9,0.011,2014-04-06,08:33:52
1,display,180.077,49.6,214.5,0.011,2014-04-06,08:43:47
1,display,180.277,49.59,214.2,0.011,2014-04-06,08:53:41
1,display,180.377,49.6,214.2,0.011,2014-04-06,09:03:36
1,display,180.577,49.6,213.9,0.011,2014-04-06,09:13:31
1,display,180.677,49.58,213.6,0.011,2014-04-06,09:23:27
1,display,180.877,49.59,215,0.011,2014-04-06,09:33:22
1,display,180.977,49.57,214.2,0.013,2014-04-06,09:43:17
1,display,181.177,49.58,213.9,0.013,2014-04-06,09:53:12
1,display,181.277,49.59,214.5,0.011,2014-04-06,10:03:08
1,display,181.477,49.58,215.3,0.009,2014-04-06,10:13:03
1,display,181.577,49.59,215,0.011,2014-04-06,10:22:58
1,display,181.777,49.59,214.8,0.011,2014-04-06,10:32:53
1,display,181.877,49.59,214.8,0.011,2014-04-06,10:42:48
1,display,182.077,49.59,214.8,0.011,2014-04-06,10:52:44
1,display,182.177,49.58,214.8,0.011,2014-04-06,11:02:39
1,display,182.377,49.59,214.5,0.011,2014-04-06,11:12:35
1,display,182.477,49.6,214.2,0.011,2014-04-06,11:22:30
1,display,182.677,49.6,214.5,0.011,2014-04-06,11:32:25
1,display,182.777,49.6,215,0.011,2014-04-06,11:42:20
1,display,182.977,49.6,214.5,0.013,2014-04-06,11:52:15
1,display,183.077,49.6,213.6,0.011,2014-04-06,12:02:10
1,display,183.277,49.6,213.9,0.015,2014-04-06,12:12:06
1,display,183.377,49.59,214.5,0.011,2014-04-06,12:22:02
1,display,183.577,49.59,214.2,0.013,2014-04-06,12:31:57
1,display,183.677,49.59,214.5,0.011,2014-04-06,12:41:52
1,display,183.877,49.59,213.6,0.011,2014-04-06,12:51:47
1,display,183.977,49.6,213.6,0.013,2014-04-06,13:01:43
1,display,184.177,49.59,213.9,0.011,2014-04-06,13:11:38
1,display,184.277,49.6,214.5,0.011,2014-04-06,13:21:34
1,display,184.477,49.6,214.5,0.013,2014-04-06,13:31:29
1,display,184.577,49.59,215,0.011,2014-04-06,13:41:25
1,display,184.777,49.59,214.5,0.009,2014-04-06,13:51:21
1,display,184.877,49.58,214.8,0.011,2014-04-06,14:01:17
1,display,185.077,49.6,214.5,0.011,2014-04-06,14:11:12
1,display,185.177,49.6,213.3,0.011,2014-04-06,14:21:08
1,display,185.377,49.59,214.2,0.009,2014-04-06,14:31:03
1,display,185.477,49.6,214.2,0.011,2014-04-06,14:40:58
1,display,185.677,49.59,214.8,0.011,2014-04-06,14:50:53
1,display,185.777,49.59,213.9,0.011,2014-04-06,15:00:48
1,display,185.977,49.6,215,0.011,2014-04-06,15:10:45
1,display,186.077,49.59,214.2,0.011,2014-04-06,15:20:40
1,display,186.277,49.59,214.5,0.011,2014-04-06,15:30:35
1,display,186.377,49.6,214.8,0.011,2014-04-06,15:40:30
1,display,186.577,49.59,214.8,0.011,2014-04-06,15:50:25
1,display,186.677,49.59,214.2,0.011,2014-04-06,16:00:21
1,display,186.777,49.6,215.6,0.011,2014-04-06,16:10:17
1,display,186.977,49.59,214.8,0.011,2014-04-06,16:20:12
1,display,187.077,49.59,214.5,0.011,2014-04-06,16:30:07
1,display,187.277,49.59,215.6,0.011,2014-04-06,16:40:02
1,display,187.377,49.59,214.8,0.011,2014-04-06,16:49:57
1,display,187.577,49.58,214.8,0.009,2014-04-06,16:59:53
1,display,187.677,49.59,215,0.011,2014-04-06,17:09:49
1,display,187.877,49.59,215,0.011,2014-04-06,17:19:44
1,display,187.977,49.59,214.8,0.013,2014-04-06,17:29:38
1,display,188.177,49.58,214.5,0.011,2014-04-06,17:39:34
1,display,188.277,49.59,214.8,0.011,2014-04-06,17:49:30
1,display,188.477,49.58,215.6,0.011,2014-04-06,17:59:25
1,display,188.577,49.59,215,0.013,2014-04-06,18:09:20
1,display,188.777,49.59,215,0.011,2014-04-06,18:19:15
1,display,188.877,49.58,215.3,0.011,2014-04-06,18:29:11
1,display,189.077,49.59,215.3,0.009,2014-04-06,18:39:06
1,display,189.177,49.59,215.6,0.011,2014-04-06,18:49:01
1,display,189.377,49.59,215.9,0.011,2014-04-06,18:58:57
1,display,189.477,49.57,215.9,0.009,2014-04-06,19:08:52
1,display,189.677,49.57,215.3,0.009,2014-04-06,19:18:48
1,display,189.777,49.58,215.6,0.011,2014-04-06,19:28:43
1,display,189.977,49.59,215.3,0.011,2014-04-06,19:38:38
1,display,190.077,49.59,214.8,0.013,2014-04-06,19:48:33
1,display,190.277,49.6,215.6,0.013,2014-04-06,19:58:28
1,display,190.377,49.59,215.9,0.011,2014-04-06,20:08:23
1,display,190.477,49.59,215.3,0.011,2014-04-06,20:18:18
1,display,190.677,49.59,216.2,0.011,2014-04-06,20:28:13
1,display,190.877,49.58,215.3,0.011,2014-04-06,20:38:09
1,display,190.977,49.6,215.9,0.013,2014-04-06,20:48:04
1,display,191.077,49.6,216.2,0.011,2014-04-06,20:58:00
1,display,191.277,49.59,215.9,0.011,2014-04-06,21:07:55
1,display,191.377,49.6,215.6,0.009,2014-04-06,21:17:51
1,display,191.577,49.59,216.2,0.011,2014-04-06,21:27:45
1,display,191.677,49.61,215.6,0.011,2014-04-06,21:37:40
1,display,191.877,49.6,215.3,0.011,2014-04-06,21:47:36
1,display,191.977,49.59,215.6,0.011,2014-04-06,21:57:31
1,display,192.177,49.59,215.6,0.011,2014-04-06,22:07:27
1,display,192.277,49.59,215.9,0.011,2014-04-06,22:17:22
1,display,192.477,49.59,215,0.011,2014-04-06,22:27:18
1,display,192.577,49.59,214.5,0.011,2014-04-06,22:37:13
1,display,192.777,49.6,213.6,0.009,2014-04-06,22:47:09
1,display,192.877,49.59,215,0.013,2014-04-06,22:57:04
1,display,193.077,49.6,213.9,0.011,2014-04-06,23:06:59
1,display,193.177,49.59,214.5,0.011,2014-04-06,23:16:55
1,display,193.377,49.59,214.5,0.011,2014-04-06,23:26:50
1,display,193.477,49.61,214.8,0.009,2014-04-06,23:36:45
1,display,193.677,49.6,214.2,0.011,2014-04-06,23:46:40
1,display,193.777,49.6,214.8,0.011,2014-04-06,23:56:36
1,display,193.977,49.6,214.5,0.011,2014-04-07,00:06:31
1,display,194.077,49.6,213.9,0.009,2014-04-07,00:16:26
1,display,194.277,49.59,214.5,0.013,2014-04-07,00:26:21
1,display,194.377,49.59,215,0.011,2014-04-07,00:36:15
1,display,194.577,49.58,215.3,0.013,2014-04-07,00:46:10
1,display,194.677,49.58,213.9,0.013,2014-04-07,00:56:04
1,display,194.877,49.59,215.3,0.011,2014-04-07,01:05:59
1,display,194.977,49.59,213.9,0.011,2014-04-07,01:15:54
1,display,195.177,49.58,213.9,0.013,2014-04-07,01:25:48
1,display,195.277,49.59,214.8,0.011,2014-04-07,01:35:43
1,display,195.477,49.58,213.9,0.013,2014-04-07,01:45:38
1,display,195.577,49.58,213.9,0.011,2014-04-07,01:55:32
1,display,195.777,49.59,214.8,0.011,2014-04-07,02:05:26
1,display,195.877,49.58,213.9,0.011,2014-04-07,02:15:21
1,display,196.077,49.58,214.8,0.011,2014-04-07,02:25:15
1,display,196.177,49.59,215,0.013,2014-04-07,02:35:11
1,display,196.277,49.57,213.9,0.011,2014-04-07,02:45:06
1,display,196.477,49.59,213.9,0.011,2014-04-07,02:55:01
1,display,196.577,49.6,214.5,0.013,2014-04-07,03:04:56
1,display,196.777,49.58,213.6,0.011,2014-04-07,03:14:51
1,display,196.877,49.58,213.6,0.011,2014-04-07,03:24:46
1,display,197.077,49.58,213.9,0.013,2014-04-07,03:34:42
1,display,197.177,49.58,214.2,0.011,2014-04-07,03:44:37
1,display,197.377,49.57,213.9,0.009,2014-04-07,03:54:33
1,display,197.477,49.6,214.2,0.011,2014-04-07,04:04:28
1,display,197.677,49.59,213.6,0.011,2014-04-07,04:14:23
1,display,197.777,49.59,214.2,0.011,2014-04-07,04:24:18
1,display,197.977,49.58,213.6,0.011,2014-04-07,04:34:13
1,display,198.077,49.59,213.9,0.013,2014-04-07,04:44:08
1,display,198.277,49.6,214.2,0.011,2014-04-07,04:54:03
1,display,198.377,49.59,214.2,0.011,2014-04-07,05:03:59
1,display,198.577,49.58,213.9,0.011,2014-04-07,05:13:54
1,display,198.677,49.58,214.2,0.009,2014-04-07,05:23:49
1,display,198.877,49.6,213.6,0.013,2014-04-07,05:33:44
1,display,198.977,49.58,213.9,0.011,2014-04-07,05:43:39
1,display,199.177,49.58,213.9,0.011,2014-04-07,05:53:34
1,display,199.277,49.58,213.9,0.011,2014-04-07,06:03:30
1,display,199.477,49.58,213.9,0.011,2014-04-07,06:13:25
1,display,199.577,49.59,214.5,0.011,2014-04-07,06:23:20
1,display,199.777,49.59,213.9,0.011,2014-04-07,06:33:15
1,display,199.877,49.6,213.9,0.011,2014-04-07,06:43:10
1,display,200.077,49.6,213.9,0.011,2014-04-07,06:53:04
1,display,200.177,49.59,213.9,0.011,2014-04-07,07:03:00
1,display,200.377,49.59,213.9,0.011,2014-04-07,07:12:55
1,display,200.477,49.59,215.3,0.013,2014-04-07,07:22:50
1,display,200.677,49.59,214.2,0.009,2014-04-07,07:32:45
1,display,200.777,49.6,213.9,0.011,2014-04-07,07:42:40
1,display,200.977,49.59,213.9,0.011,2014-04-07,07:52:34
1,display,201.077,49.59,213.9,0.011,2014-04-07,08:02:29
1,display,201.277,49.58,214.2,0.011,2014-04-07,08:12:24
1,display,201.377,49.58,214.2,0.011,2014-04-07,08:22:18
1,display,201.577,49.59,214.8,0.009,2014-04-07,08:32:13
1,display,201.677,49.59,214.5,0.011,2014-04-07,08:42:07
1,display,201.877,49.58,214.8,0.013,2014-04-07,08:52:01
1,display,201.977,49.6,214.8,0.013,2014-04-07,09:01:55
1,display,202.177,49.59,214.2,0.011,2014-04-07,09:11:49
1,display,202.277,49.59,213.9,0.011,2014-04-07,09:21:44
1,display,202.377,49.59,214.2,0.013,2014-04-07,09:31:38
1,display,202.577,49.58,212.2,0.011,2014-04-07,09:41:33
1,display,202.677,49.58,211.9,0.011,2014-04-07,09:51:27
1,display,202.877,49.59,213.9,0.009,2014-04-07,10:01:21
1,display,202.977,49.59,213.3,0.011,2014-04-07,10:11:15
1,display,203.177,49.59,213.6,0.011,2014-04-07,10:21:10
1,display,203.277,49.59,213.3,0.011,2014-04-07,10:31:04
1,display,203.477,49.6,214.2,0.011,2014-04-07,10:40:58
1,display,203.577,49.6,212.8,0.013,2014-04-07,10:50:52
1,display,203.777,49.58,213.1,0.011,2014-04-07,11:00:47
1,display,203.877,49.6,212.2,0.011,2014-04-07,11:10:41
1,display,204.077,49.59,212.2,0.009,2014-04-07,11:20:35
1,display,204.177,49.59,213.1,0.011,2014-04-07,11:30:29
1,display,204.277,49.58,212.2,0.013,2014-04-07,11:40:23
1,display,204.477,49.59,213.1,0.009,2014-04-07,11:50:17
1,display,204.577,49.59,213.6,0.011,2014-04-07,12:00:11
1,display,204.777,49.59,212.8,0.011,2014-04-07,12:10:05
1,display,204.877,49.59,212.2,0.009,2014-04-07,12:19:59
1,display,205.077,49.58,211.7,0.011,2014-04-07,12:29:52
1,display,205.177,49.59,212.5,0.011,2014-04-07,12:39:46
1,display,205.377,49.59,213.1,0.009,2014-04-07,12:49:40
1,display,205.477,49.58,212.8,0.011,2014-04-07,12:59:34
1,display,205.677,49.59,212.8,0.011,2014-04-07,13:09:28
1,display,205.777,49.59,213.6,0.009,2014-04-07,13:19:22
1,display,205.977,49.6,213.1,0.011,2014-04-07,13:29:16
1,display,206.077,49.58,213.3,0.011,2014-04-07,13:39:10
1,display,206.277,49.59,213.3,0.011,2014-04-07,13:49:03
1,display,206.377,49.59,212.8,0.011,2014-04-07,13:58:57
1,display,206.577,49.59,213.1,0.009,2014-04-07,14:08:51
1,display,206.677,49.59,212.8,0.009,2014-04-07,14:18:46
1,display,206.777,49.59,213.3,0.011,2014-04-07,14:28:40
1,display,206.977,49.59,212.5,0.011,2014-04-07,14:38:34
1,display,207.077,49.6,213.3,0.011,2014-04-07,14:48:28
1,display,207.277,49.59,212.2,0.013,2014-04-07,14:58:22
1,display,207.377,49.6,212.5,0.013,2014-04-07,15:08:16
1,display,207.577,49.59,211.9,0.011,2014-04-07,15:18:10
1,display,207.677,49.59,212.2,0.011,2014-04-07,15:28:04
1,display,207.877,49.59,211.9,0.009,2014-04-07,15:37:59
1,display,207.977,49.59,212.8,0.011,2014-04-07,15:47:53
1,display,208.077,49.57,212.8,0.011,2014-04-07,15:57:48
1,display,208.277,49.58,212.5,0.009,2014-04-07,16:07:42
1,display,208.377,49.59,212.8,0.011,2014-04-07,16:17:36
1,display,208.577,49.59,210.5,0.126,2014-04-07,16:27:30
1,display,212.477,49.59,210.8,0.119,2014-04-07,16:37:25
1,display,216.377,49.6,211.1,0.117,2014-04-07,16:47:20
1,display,220.077,49.58,210.8,0.119,2014-04-07,16:57:16
1,display,222.977,49.59,212.8,0.011,2014-04-07,17:07:11
1,display,223.077,49.59,211.9,0.011,2014-04-07,17:17:07
1,display,223.177,49.59,213.1,0.011,2014-04-07,17:27:02
1,display,223.377,49.59,213.3,0.011,2014-04-07,17:36:57
1,display,223.477,49.59,212.8,0.011,2014-04-07,17:46:52
1,display,223.677,49.58,213.1,0.011,2014-04-07,17:56:46
1,display,223.777,49.6,213.6,0.009,2014-04-07,18:06:41
1,display,223.977,49.6,212.8,0.011,2014-04-07,18:16:36
1,display,224.077,49.6,214.5,0.011,2014-04-07,18:26:30
1,display,224.277,49.59,213.9,0.013,2014-04-07,18:36:26
1,display,224.377,49.59,214.5,0.011,2014-04-07,18:46:20
1,display,224.577,49.58,215,0.011,2014-04-07,18:56:15
1,display,224.677,49.59,214.5,0.013,2014-04-07,19:06:09
1,display,224.877,49.59,214.8,0.013,2014-04-07,19:16:05
1,display,224.977,49.58,215,0.011,2014-04-07,19:25:59
1,display,225.177,49.6,213.6,0.009,2014-04-07,19:35:54
1,display,225.277,49.58,214.2,0.011,2014-04-07,19:45:48
1,display,225.477,49.58,214.2,0.011,2014-04-07,19:55:43
1,display,225.577,49.58,214.5,0.013,2014-04-07,20:05:38
1,display,225.777,49.59,215,0.011,2014-04-07,20:15:33
1,display,225.877,49.58,214.5,0.011,2014-04-07,20:25:28
1,display,226.077,49.59,213.9,0.011,2014-04-07,20:35:23
1,display,226.177,49.59,213.9,0.013,2014-04-07,20:45:18
1,display,226.377,49.59,214.2,0.011,2014-04-07,20:55:13
1,display,226.477,49.58,213.9,0.011,2014-04-07,21:05:07
1,display,226.677,49.59,214.2,0.011,2014-04-07,21:15:02
1,display,226.777,49.59,214.2,0.011,2014-04-07,21:24:57
1,display,226.977,49.59,214.8,0.011,2014-04-07,21:34:53
1,display,227.077,49.59,214.5,0.013,2014-04-07,21:44:48
1,display,227.277,49.58,214.5,0.011,2014-04-07,21:54:43
1,display,227.377,49.58,214.2,0.011,2014-04-07,22:04:38
1,display,227.577,49.59,213.6,0.011,2014-04-07,22:14:34
1,display,227.677,49.59,215,0.011,2014-04-07,22:24:29
1,display,227.877,49.58,214.5,0.011,2014-04-07,22:34:24
1,display,227.977,49.59,214.2,0.013,2014-04-07,22:44:20
1,display,228.077,49.59,214.2,0.009,2014-04-07,22:54:15
1,display,228.277,49.59,214.5,0.009,2014-04-07,23:04:10
1,display,228.377,49.59,214.2,0.011,2014-04-07,23:14:05
1,display,228.577,49.58,214.2,0.011,2014-04-07,23:24:00
1,display,228.777,49.6,214.5,0.011,2014-04-07,23:33:56
1,display,228.877,49.58,214.2,0.011,2014-04-07,23:43:51
1,display,228.977,49.58,214.2,0.013,2014-04-07,23:53:46
1,display,229.177,49.6,214.2,0.011,2014-04-08,00:03:41
1,display,229.377,49.59,214.2,0.009,2014-04-08,00:13:36
1,display,229.477,49.58,214.5,0.011,2014-04-08,00:23:32
1,display,229.577,49.57,214.5,0.011,2014-04-08,00:33:27
1,display,229.777,49.58,213.9,0.013,2014-04-08,00:43:22
1,display,229.877,49.58,214.2,0.011,2014-04-08,00:53:18
1,display,230.077,49.59,214.8,0.011,2014-04-08,01:03:13
1,display,230.177,49.58,214.2,0.013,2014-04-08,01:13:08
1,display,230.377,49.58,214.2,0.011,2014-04-08,01:23:03
1,display,230.477,49.6,215.3,0.013,2014-04-08,01:32:58
1,display,230.677,49.58,215,0.013,2014-04-08,01:42:53
1,display,230.777,49.59,213.6,0.011,2014-04-08,01:52:48
1,display,230.977,49.58,213.9,0.013,2014-04-08,02:02:43
1,display,231.077,49.59,215.3,0.011,2014-04-08,02:12:39
1,display,231.277,49.59,214.2,0.013,2014-04-08,02:22:34
1,display,231.377,49.59,214.8,0.011,2014-04-08,02:32:29
1,display,231.577,49.6,213.9,0.011,2014-04-08,02:42:25
1,display,231.677,49.6,214.8,0.013,2014-04-08,02:52:20
1,display,231.877,49.6,215,0.013,2014-04-08,03:02:15
1,display,231.977,49.59,215.3,0.011,2014-04-08,03:12:10
1,display,232.177,49.59,215.3,0.013,2014-04-08,03:22:05
1,display,232.277,49.6,214.5,0.011,2014-04-08,03:32:01
1,display,232.477,49.59,214.2,0.011,2014-04-08,03:41:56
1,display,232.577,49.59,213.9,0.013,2014-04-08,03:51:51
1,display,232.777,49.6,214.2,0.011,2014-04-08,04:01:46
1,display,232.877,49.6,213.9,0.011,2014-04-08,04:11:41
1,display,233.077,49.58,214.2,0.011,2014-04-08,04:21:36
1,display,233.177,49.6,214.8,0.013,2014-04-08,04:31:31
1,display,233.377,49.58,214.8,0.011,2014-04-08,04:41:26
1,display,233.477,49.59,214.8,0.011,2014-04-08,04:51:21
1,display,233.677,49.58,214.8,0.011,2014-04-08,05:01:16
1,display,233.777,49.59,213.9,0.011,2014-04-08,05:11:11
1,display,233.977,49.58,214.5,0.011,2014-04-08,05:21:07
1,display,234.077,49.59,214.8,0.011,2014-04-08,05:31:02
1,display,234.277,49.6,214.2,0.013,2014-04-08,05:40:57
1,display,234.377,49.58,214.8,0.013,2014-04-08,05:50:52
1,display,234.577,49.59,214.8,0.011,2014-04-08,06:00:47
1,display,234.677,49.59,214.5,0.011,2014-04-08,06:10:42
1,display,234.877,49.58,214.5,0.013,2014-04-08,06:20:38
1,display,234.977,49.58,214.5,0.011,2014-04-08,06:30:33
1,display,235.177,49.6,214.5,0.011,2014-04-08,06:40:28
1,display,235.277,49.58,213.9,0.011,2014-04-08,06:50:23
1,display,235.477,49.58,214.5,0.011,2014-04-08,07:00:18
1,display,235.577,49.59,214.2,0.011,2014-04-08,07:10:14
1,display,235.777,49.58,214.2,0.011,2014-04-08,07:20:09
1,display,235.877,49.6,213.9,0.013,2014-04-08,07:30:04
1,display,236.077,49.59,214.5,0.011,2014-04-08,07:39:59
1,display,236.177,49.58,214.5,0.011,2014-04-08,07:49:55
1,display,236.377,49.58,214.5,0.011,2014-04-08,07:59:50
1,display,236.477,49.59,213.9,0.013,2014-04-08,08:09:45
1,display,236.677,49.59,214.2,0.011,2014-04-08,08:19:40
1,display,236.777,49.58,213.9,0.013,2014-04-08,08:29:36
1,display,236.977,49.59,214.2,0.011,2014-04-08,08:39:32
1,display,237.077,49.59,214.2,0.011,2014-04-08,08:49:27
1,display,237.277,49.59,214.2,0.011,2014-04-08,08:59:22
1,display,237.377,49.58,214.2,0.013,2014-04-08,09:09:17
1,display,237.577,49.59,214.2,0.013,2014-04-08,09:19:13
1,display,237.677,49.58,214.2,0.011,2014-04-08,09:29:08
1,display,282.177,49.59,211.9,0.011,2014-04-09,12:19:45
1,display,282.277,49.59,212.2,0.013,2014-04-09,12:29:40
1,display,282.477,49.6,212.5,0.011,2014-04-09,12:39:34
1,display,282.577,49.57,212.8,0.013,2014-04-09,12:49:29
1,display,282.777,49.6,211.9,0.011,2014-04-09,12:59:23
1,display,282.877,49.58,212.5,0.011,2014-04-09,13:09:18
1,display,283.077,49.58,212.5,0.011,2014-04-09,13:19:12
1,display,283.177,49.6,212.5,0.009,2014-04-09,13:29:07
1,display,283.377,49.6,213.1,0.011,2014-04-09,13:39:01
1,display,283.477,49.6,213.6,0.011,2014-04-09,13:48:56
1,display,283.677,49.59,213.6,0.011,2014-04-09,13:58:51
1,display,283.777,49.6,213.6,0.011,2014-04-09,14:08:45
1,display,283.977,49.6,212.8,0.011,2014-04-09,14:18:40
1,display,284.077,49.6,212.5,0.011,2014-04-09,14:28:35
1,display,284.277,49.58,212.5,0.011,2014-04-09,14:38:29
1,display,284.377,49.59,212.5,0.009,2014-04-09,14:48:24
1,display,284.577,49.58,211.1,0.011,2014-04-09,14:58:18
1,display,284.677,49.6,211.7,0.011,2014-04-09,15:08:14
1,display,284.777,49.59,212.5,0.011,2014-04-09,15:18:08
1,display,284.977,49.6,211.4,0.011,2014-04-09,15:28:03
1,display,285.077,49.58,211.9,0.009,2014-04-09,15:37:57
1,display,285.277,49.59,212.5,0.011,2014-04-09,15:47:53
1,display,285.377,49.59,211.9,0.011,2014-04-09,15:57:48
1,display,285.577,49.59,211.9,0.011,2014-04-09,16:07:43
1,display,285.677,49.6,211.9,0.011,2014-04-09,16:17:38
1,display,285.877,49.6,212.5,0.011,2014-04-09,16:27:34
1,display,285.977,49.6,211.9,0.011,2014-04-09,16:37:29
1,display,286.177,49.59,212.2,0.009,2014-04-09,16:47:24
1,display,286.277,49.59,212.5,0.009,2014-04-09,16:57:20
1,display,286.477,49.61,215.6,0.02,2014-04-09,17:07:14
1,display,286.577,49.58,212.5,0.011,2014-04-09,17:17:09
1,display,286.777,49.58,213.1,0.009,2014-04-09,17:27:03
1,display,286.877,49.59,213.3,0.011,2014-04-09,17:36:58
1,display,287.077,49.59,213.6,0.011,2014-04-09,17:46:53
1,display,287.177,49.59,213.1,0.013,2014-04-09,17:56:48
1,display,287.377,49.6,212.2,0.011,2014-04-09,18:06:42
1,display,287.477,49.59,213.1,0.011,2014-04-09,18:16:37
1,display,287.677,49.57,213.1,0.011,2014-04-09,18:26:32
1,display,287.777,49.59,213.6,0.011,2014-04-09,18:36:26
1,display,287.977,49.59,214.2,0.011,2014-04-09,18:46:21
1,display,288.077,49.6,212.8,0.011,2014-04-09,18:56:16
1,display,288.277,49.57,213.6,0.011,2014-04-09,19:06:10
1,display,288.377,49.6,213.6,0.011,2014-04-09,19:16:05
1,display,288.577,49.58,214.2,0.013,2014-04-09,19:26:00
1,display,288.677,49.58,214.2,0.011,2014-04-09,19:35:55
1,display,288.877,49.59,214.2,0.011,2014-04-09,19:45:49
1,display,288.977,49.58,213.3,0.013,2014-04-09,19:55:44
1,display,289.177,49.58,213.9,0.009,2014-04-09,20:05:38
1,display,289.277,49.6,213.1,0.013,2014-04-09,20:15:33
1,display,289.477,49.57,213.9,0.013,2014-04-09,20:25:27
1,display,289.577,49.59,213.1,0.011,2014-04-09,20:35:21
1,display,289.777,49.6,213.3,0.011,2014-04-09,20:45:15
1,display,289.877,49.59,213.6,0.011,2014-04-09,20:55:10
1,display,290.077,49.6,213.1,0.011,2014-04-09,21:05:05
1,display,290.177,49.58,213.3,0.011,2014-04-09,21:14:59
1,display,290.377,49.58,213.1,0.009,2014-04-09,21:24:54
1,display,290.477,49.59,213.6,0.011,2014-04-09,21:34:49
1,display,290.677,49.58,214.2,0.009,2014-04-09,21:44:43
1,display,290.777,49.58,213.9,0.013,2014-04-09,21:54:38
1,display,290.977,49.59,213.6,0.011,2014-04-09,22:04:32
1,display,291.077,49.59,214.2,0.011,2014-04-09,22:14:27
1,display,291.277,49.59,213.9,0.009,2014-04-09,22:24:21
1,display,291.377,49.6,213.3,0.011,2014-04-09,22:34:16
1,display,291.577,49.59,213.3,0.011,2014-04-09,22:44:11
1,display,291.677,49.59,213.6,0.011,2014-04-09,22:54:05
1,display,291.877,49.59,213.3,0.011,2014-04-09,23:04:00
1,display,291.977,49.58,213.3,0.011,2014-04-09,23:13:55
1,display,292.177,49.58,213.6,0.011,2014-04-09,23:23:49
1,display,292.277,49.59,213.6,0.011,2014-04-09,23:33:44
1,display,292.477,49.59,213.6,0.009,2014-04-09,23:43:38
1,display,292.577,49.58,213.1,0.011,2014-04-09,23:53:33
1,display,292.777,49.59,213.3,0.011,2014-04-10,00:03:28
1,display,292.877,49.6,213.3,0.011,2014-04-10,00:13:22
1,display,293.077,49.59,213.1,0.011,2014-04-10,00:23:17
1,display,293.177,49.59,214.5,0.013,2014-04-10,00:33:11
1,display,293.377,49.6,214.2,0.011,2014-04-10,00:43:06
1,display,293.577,49.58,214.5,0.011,2014-04-10,00:53:00
1,display,293.677,49.59,214.2,0.011,2014-04-10,01:02:55
1,display,293.777,49.6,213.3,0.011,2014-04-10,01:12:50
1,display,293.977,49.59,213.9,0.011,2014-04-10,01:22:44
1,display,294.177,49.6,214.2,0.011,2014-04-10,01:32:39
1,display,294.277,49.6,214.5,0.011,2014-04-10,01:42:34
1,display,294.477,49.58,213.6,0.011,2014-04-10,01:52:29
1,display,294.577,49.58,213.6,0.011,2014-04-10,02:02:23
1,display,294.777,49.59,214.5,0.011,2014-04-10,02:12:18
1,display,294.877,49.58,214.2,0.011,2014-04-10,02:22:12
1,display,295.077,49.6,213.6,0.013,2014-04-10,02:32:07
1,display,295.177,49.6,213.9,0.011,2014-04-10,02:42:01
1,display,295.377,49.6,214.5,0.013,2014-04-10,02:51:56
1,display,295.477,49.59,213.6,0.011,2014-04-10,03:01:51
1,display,295.677,49.59,213.6,0.011,2014-04-10,03:11:45
1,display,295.777,49.58,213.9,0.011,2014-04-10,03:21:40
1,display,295.977,49.6,213.3,0.013,2014-04-10,03:31:35
1,display,296.077,49.6,214.2,0.011,2014-04-10,03:41:29
1,display,296.277,49.6,214.2,0.013,2014-04-10,03:51:24
1,display,296.377,49.6,214.8,0.011,2014-04-10,04:01:19
1,display,296.577,49.6,213.9,0.011,2014-04-10,04:11:13
1,display,296.677,49.6,214.8,0.011,2014-04-10,04:21:08
1,display,296.877,49.59,213.6,0.011,2014-04-10,04:31:02
1,display,296.977,49.59,213.3,0.011,2014-04-10,04:40:57
1,display,297.177,49.6,213.6,0.013,2014-04-10,04:50:51
1,display,297.277,49.58,214.8,0.013,2014-04-10,05:00:46
1,display,297.477,49.6,213.9,0.013,2014-04-10,05:10:40
1,display,297.577,49.6,214.2,0.011,2014-04-10,05:20:36
1,display,297.777,49.6,213.6,0.011,2014-04-10,05:30:30
1,display,297.977,49.58,213.6,0.011,2014-04-10,05:40:25
1,display,298.077,49.58,213.9,0.011,2014-04-10,05:50:19
1,display,298.277,49.58,213.9,0.011,2014-04-10,06:00:14
1,display,298.377,49.58,213.3,0.013,2014-04-10,06:10:09
1,display,298.577,49.58,214.5,0.013,2014-04-10,06:20:03
1,display,298.677,49.59,214.8,0.011,2014-04-10,06:29:58
1,display,298.877,49.59,214.2,0.011,2014-04-10,06:39:53
1,display,298.977,49.59,213.1,0.011,2014-04-10,06:49:47
1,display,299.177,49.57,213.3,0.011,2014-04-10,06:59:41
1,display,299.277,49.59,213.9,0.013,2014-04-10,07:09:36
1,display,299.477,49.59,213.9,0.011,2014-04-10,07:19:31
1,display,299.577,49.58,214.2,0.009,2014-04-10,07:29:25
1,display,299.777,49.6,213.1,0.011,2014-04-10,07:39:20
1,display,299.877,49.58,213.3,0.011,2014-04-10,07:49:15
1,display,300.077,49.59,214.2,0.011,2014-04-10,07:59:09
1,display,300.177,49.58,213.3,0.011,2014-04-10,08:09:04
1,display,300.377,49.6,213.9,0.011,2014-04-10,08:18:58
1,display,300.477,49.58,213.1,0.011,2014-04-10,08:28:53
1,display,300.677,49.58,214.2,0.011,2014-04-10,08:38:47
1,display,300.777,49.6,214.8,0.011,2014-04-10,08:48:42
1,display,300.977,49.59,214.5,0.013,2014-04-10,08:58:36
1,display,301.077,49.6,213.3,0.011,2014-04-10,09:08:30
1,display,301.277,49.59,213.3,0.013,2014-04-10,09:18:26
1,display,301.377,49.59,213.6,0.011,2014-04-10,09:28:20
1,display,301.577,49.6,213.6,0.011,2014-04-10,09:38:14
